9868818475203942289663172992146544038921004435815879224078545309119692292726042233729346147128888084
0048264030547011614565453979911720593032331294363805990203287209743333694567937620185254786677204888
5146322268528323970936283558923861630383987805994290917679218500651317341330818119008048186978936921
6729442335735101915592072716265579326479380648994873176146996838766054394249174143813773033827898547
0702900114694840063128929790782703505466104474794400486690779443152131394796270193413736349629996669
4267727397717364127524146523581635972417832188553954856856134155515699528310648024915493996227205757
5272566906859517040082992612777594616149337137153134845349892572738430036079046706879290480477435193
3626470625317415691078434304684637415828736058716397602759441502885753768377821468213250746606629665
5583312232017743618798226797473741861708341432188177794495378468047570846923871666425742521848698597
8754145396693633111670717372140134394359687465835326718934307872488456569371852475431340835992111763
3298498142010001944446776964821889816306756209455676782987816462162527161334067799649476400614203451
5843426996510058493789182599343454670659132821465013622615002916887451645916513621778234267323212874
9401571044215409536124970161494462375921921789882198312802032703696004984313719427457722130271313457
7736673925191700848473946537262572537701706806197207356219396230401163804503073019449916344609797171
1033765540890121645987385191828790033427610157417915627932983938090180154910203236849040770056227780
0197632143326735674742635798300381103877555204655741286235679704802867413320084754248330025086238244
2120904324844964445503764864673872256829616615254898579950153924993404663526184600738269028897211390
6827550529684825637351950634314842337480685762718911664087595297441430059040774456134580577586581651
5259140662446791852770043308050551351714502678477833673207264662240705663813047924905586064053937949
0722889562469016231248008183467753028758386833294059820796447607969389510926832592588619235052837791
5581843569357226757474700585947144305382911044089313271760070534863642580478153641688322409725945934
5229251050624253741307635551032931071005855093321682818592590898564903351823296066805462680741063076
8198728881833912947756592517827241699711013406966932788532683885216148158234463920894376472875473378
4452458706288867874406197554950751735588341386461915594216448005290934014767931093586043335349247664
7781989721531611650427656379547172460174084865565564213909800462041529643567151827774978367536416332
0402991431600370509216328074650092756236282534084231521817132676897883929853504610673560768858573355
4468062603054383981614232810726663627252186333993464274084658531277223940093993748725685098093956778
7042612480139465542147809103740081189998831927991085490178597214280396531528770561489910098909738243
1570875352609388313679208233264488913252842841622072331897626279941756812239353965891134840290084404
6111723037666154401717775210120718716467121156518285402377967045357675475022068665856194203649401974
8480459873335761996813708188028811546813787315480690361654066634157230293853021608493301741955739331
3685789663088878785975804312673262414430544985061901830561915391462331854177753832682941214004280042
9296745775422395606271537786730875294346368121166165706889839878922890782429701615296332823969008507
3385836414450573996740381868179361988370202706213953903857532343119743964246199840473213810893826227
9543905555385588035246144592750722391694574773027310169735937045894399235814599066451701776303291930
8020022743643987042457046241108048979100248001967909488317866510317562555248371052789328004897287351
5393266226099850844180798775223117855025260595972214302099979608424739042225827355399106565705588368
2470698443979222205687749091517187537778201407316882892525353663601996247725861939967016146036002550
7671535175609188703613876677560554608107386455386274457366538929320252320843795018175165792736740013
1328317702166679174685366586760250199921476205212847578925045660803002080906221014322782145141895687
6979496351353857914890376407200155684451690131807867527628930940341153249419728924858081755962259677
9059774466433697345546432155674934960511113760470206317644113456759066284048443124254739512167340731
3959507829771517084889130847471114355105307328667335430455493741726782376407014368278273092836518745
8537993592912352332235222361389116977458734112206848613682842629737525719992686510960525330128906549
0201247895875490509696057614469033118618125882219128272458927243997024852155883036508277780242265823
0507123932937729864214915024297820923775395605147015705566944637878325685425246574927746438089621231
4843080584521585804175640214229913047292990190986708549689893163061299690328640302973386543306390028
4738813762505430088108465473130540387894340832700135202194046331481451660090055105454635986840957798
4220455988546531996286390865269968196879446504822353573081625881509342340275451332246344981654618955
2847033995756389756477959313166016258912996782607971114827320423496959941158347841160572587898631227
5708016046917996874494792774046270125343275186636960130076329550815253463145422270479252884004750181
6087435956117576093077460564691552342434165732217968583438445723534615597001739478848249303284226504
7249862197678138265797237899923142827960572548695809265816330657561557500446605030438389794837933082
1830641141572947840970797283313574569495125590056838777584870682060107675912876240874305298042756186
6101267474199454932281350331564218675783347308593370492721873696032577522865381604020369548339134641
3393893332724062142494170275462279649613769991006033204845578490929741105301230268483103559287551467
6626143453753040920133605898230169740181588551275948596721002905092015194128796696576861835224675654
6206162957163317011005039660104266452661753275043957875247301064535645779676063843215613384092076705
6536195829612860955240758212597569764506192677755196141688770988078357817285065299361646255587049244
3370537767731963871677764248575830459087638377538887265476210554116256467814104760437898052023919469
8803024618563223054522834442433239244224769324198354411055994634697051112006569089897649759905121294
0087784093774276888844259181208562856625633278204590976480186180345625375951772238334229434586218420
1045777498323574921435458381953733661679171233338990497894273598156171803395749961746596052935054979
5547185432010638916510889404284833901055408795927296999034784669250284487014181266899711707032151342
4519901512095763471231180942268166161064769648587432868820408774114627656885608008968921371323763245
4414152629704167731289805565831121626932390062498750532122393413483005685813080946159568155185590139
4292006765182882378065868918698577335472126075505126184985095656810293961805724182752832446872817556
2420692067616946812845436368734838401872982583873233593287933197928414663596527888989769726511770951
8289597849372830151546691805339288547302080217716486055720917415964520671854531428717676974240374351
9858197636080536898863851635262093200302445018965953015714192292843376631444969859591630347545538206
4359200677458431086344590856130548605716626352562463292537810217772430183936011486406545275936050294
4102410717427022821635356437214217251267787251868435312373153373621984272740443859503994881743587332
7699499699297432609220068178165450121306264305102364154518283951881525567634049657661778931235543573
5298278879581908725627158889089855772838304485608838096597257735016909429517794578736735112643458641
9082345281648564406348306952607037908713857223135963072257514659915470903180128736696532150420795989
0941149570776276089286305657895368060896329935584087430414699208129016956920625424131485705207693051
9321545714308638663239711951977438620967998343457368891260436187828637834936768781029990456217112855
0623440572989425979215626525782890806488802750355927016966768397157464577351339492279393131467922438
7590215224945953247818387167099986895094776921745355850612577891515541027026973851562039671044418798
4935769225027740262454428972143045629344210409293551767909512924684096274014556121440086781192926970
1963939397998790112474904961547277204005760465601732181479346812247127291997572937048723786225775674
1758007480962956872194288979045242211939893643067620577394428617146222794631186669716262654775261848
3156617746478611571298210473120970820625902033071416624954210386539978502083805567599617952942467999
4696057406445788716875524785398375822063669921061820383551925581526984697408540674803709291534393552
1543406821673306407791774330903873487719375128064839910805342782538883284315096378335568007479461547
5233428172883204409030674609531925001000043585067750483947663128071091717987843742312602868231174442
2404038552516319464179047035834721516040568761243533235170227473960403244784236051412467727194841295
0523412542906100270649074338446346755852529350685442549241217936368131996272098377776220468778467138
9048528464748488266559226053082544028451646466781187975671433057757394909201686737199354477172748110
5193060478796066311218230421219635052647347832407609177967834873009244907823584666528604241419441269
0130837778602523064742391174148599872152520424026434244259916771797293321352526675387567201552019519
8027817534878240216040510457771113569582042443813318774958489872378752833314136523662083976224924824
7827355734365247827712727670608216084916217927122140403916787157432789853700708650121024922290344868
9977121364516027821489842749336130409685903576523367120976118602885276919072983340340705328397499837
3862072465779922502422861694345774247801619156680836776226684248276260454009801338833425384487787069
5708747367357137128241318463458911941279692274153963490262861457768503734786660216748184197745511888
7319386793341303545951825461695732766354518850878079784568422516515986385331975048116750544318398610
6019172332690850803050043300424956048143802506583522598799385950952087069413795556777527254952808495
7782221822741367330131692143627758481162654709461449750723860945317336598920338610943025667812411796
8343399760287066175786229560862964658148110825684273429183340815583544097670580111990875804361601665
2774034824318398258209660347339273497095253600520026013073261012503804751563723081121434027156350903
4892600923604951377626141241461153762936224026765824212431914425001076972802617627144284464092536695
5513189818091124091537981205498529540035226226230539243881870579178988118600120966788237900738614282
6763370812753612680201949005349831982109618784971656314136704740118321851084956892466024032485506198
6345454033921201900696770072306455939268150225366755837969139316764569216795262761961823194322817958
0144074846611730801340573801010481565441027990056230355336476059382426379576815039913171595055525535
0737850927930603479477119761187473612188797388357838137806184055790488270760210394240559327721343030
3074465234543383707096734578566623433861324744684092473782081327914218674943963450391085523751299963
7132746364722192491381814230204222605249983436182556345215187714752708593256290087187800508694102035
1031645336643470390804026034055739750352211409804564704881973249200928902200616291219612148760105718
2862345763386478163751920091819790539545302035351651600594418135629763526435694151904464925026896204
4283886869470358480611585343114313578890387422999491894570085429256696514214310072066183165510550743
9647951015444529560012810426771165032053259796289045600455130116361690580991654390064565009766552958
7993196419811592925478755511644664258011326421265949564926824272821708208796109498927236772830350324
6129417959792464199069417771097741917428959276650911124667794465501166355598151474422372699178826600
1650761419188661800496344136368972794155990139851608597424944842001804469209349443777225530123579103
4168281442770518083095644220536137984953210122945251489396416464231378446363724069033140041897733499
0313152742577651096719532550473730212193911382523437314941204653831244015811255522066888551478211801
9046779324348208155812895412540897851683738182524003734179782137346491721032114511382914039203670192
9684773462384514811976820799748611709647255378290799816744552639152854553338455821934171723935705797
6350634763145781576907188904370795938771304432430510117400673273533171005058430707876448854970252424
4561425078554559320419012095237400252379687876590978807231681151271264978650851328046321300457062534
8940899443647879543909863531953093070277255967203038492391834260030045074470798516585634652033689221
2133297592919467038269710416734774768968604572562079797751831070594356763315340220911120201073437714
7836175480831108160457014071425796731958489452134987747697597198350299782417622320447584762774182938
0158925686650613681125574283158853915569548763628065692611111733882083096048926091531955666818816464
0069475010673738334426676078685838234332174921954783309204328867808409470730899060402089586294599420
8865274712611703604108318471780387670544453660504313291508662757988895716849095888531682679265087789
7561768416656975484767574110331174971396998198081484308986391943362694702790812035083990373039096926
3398134334581612876061557140996007787978359970092146113782632298771159627174851298759646870500883645
4887937827758365699316561346849997058342489274433030837917496587654053516786241282854680477601749038
6203679726823592683979819447462234178015638400244644071970321558661151912946224685068165304024598279
7088397139095907063214227387250577920983457033854532893359548802556806556327524545805329654084444248
3838178012356805579019118906817843877252680901656636557376218740193449369146326596781949389462526666
6408614194913535245538918108576887456775999340322779871353931637926945574916727203499790570511350361
9425725768935412886822973497235081332947330744592587777452418889570385623806701625654113718313380229
1051599911997370935661590011944146793389934064623057921451485874550520880678747809944856390432587351
2295401823568639143629175620253803478511730914449462371116056406839050568885598412729784931087007501
8934052933751653873072295687480400818335106343674520878660741381284882915272278029108661321296071521
9145801503878622372154889207312647984575726866607288681137604499222504214600136069401831446938685252
8611533716831350258543016024813193429300712807955865127024922136509443382245586137810774737702816965
2302667596154492643408014482033820566235578706831614879271043334037835509300238571277584772961075067
1051992739106801651958477619416884421549158885861733336881603951820535446178714868050733828101048951
7278246481656110775709927117231323464518060958948656553908492680818270120270269302053103524527716683
5630025658304936512294208041606334629774409819215978402501763029112616420713333397204822443643162904
5188665830514749046892866094721751263023969985513463429744901109982669471779009988093962520562307921
8654627153735855970520447827366030464597789213593905268999200670580377922281056597712430122027890950
2331771965445529531494564169544497218423144349459828549450367760589691909396355746582437605460063994
3922919941974532054294970716955522227592833629025393613011330923378292300025835676296875407849170562
1316144531471074200219856297964417540352075196806059583097470765362495492331197919325420584043335493
0039236011244224314316128689098978969479391523521481004108604598224842073576130439948117995540819575
3296208253420045973253922921809729677705546649286063604936408702973302974071057147720748847947424596
7888133496288192991681696445996950831760226981592614246616755361324832669749811068660880947546315171
4654598586866117130789986866730329486803705678430338430538576862147146233577470595510903709456625055
2786738183547193272954524110130945896036594458141590377271369811480265834705015267153140414833008734
3945678627765103086906808387506867940663295659930114004538532898418739841522407720902455677394265474
6690917575693720928316981328924848979314535670024365806349064815006227568229125949396377219692745562
5720488062334910453446411304312122342795235370928619558659435167906199965523021058690240931105521431
7683924072357254373516553052920687244436338112568770278335378804489067768120220693477092398019533039
7536059879790625263570879937190201801249555428685714634297763035094027593481948767369949514097413627
3951294430865322802692493291826688878619504828300676945300575599226628568587598972866324366944103213
5270679458216663545073822524729819816942611737218439377506746503342821973821367753900244014406282347
5926547032257022512398917198504785487236033348365167719839587804758552659015980077988817715808281954
3291069418061666658076215152534286834072402972731588280257017902728102784151527280232566021074119010
4245941800991980009185184400348835304742738333582873229962110904859326466332862378403541609693276533
3246098135352796879435890876610867445874632618766955471233113641432598096714623471196593031739988358
5889402355416307952800400817630251378265596826294229832554942976803086108278596318507643863631044184
9517947654534062056933015028921748619408911653031944469016246957182724142148093513501464746467658337
6275795928284202430026243701398771947595737356715669113631375238308755286609305825476553035549008419
5927276081168020569747634096823363308247135228679586584911362353776669004488551513424905097274203796
7619702973616761826960664566406145020207664780973048950801752039534143480519080356448624997227179163
6907126749925854197840384640906715340342263847842377794538956801322321329120104962197397763106332133
4207997660870460076782160167683779288505723722963499447770487361214244210808646383335767740407594017
6637051613627062400817705260090907658217014891511477083012479545683214825385327721367147185772158720
8574156122817007299970805791030782771313557539839606476974254732530351850282788227579009135710894265
3439155373493282374575885768762123150265511834374971565197660993576014171955305013611213367870185702
7150459689054409302083158952225477839221591724348337904186086659832707663348684731478603950936735302
8241433926117653486156331912073702898218290339224598175186840242619153476456191991912532234739175178
9281899910687541016167003400333928755017323857765828042013603865027883879458213492748049385981803655
3883622610887712617379834789018206606304090775266153575202301342737045103309508974402848555164439817
5978398909219661888129999657068585067320444236879367693076867188430697943683956965511986183145012383
7420236255316703027890774241583395906121076994943467090286047553926391934182542198826043638722545976
4700063565219958444579461617545252096796602873599993804691571579320023687835138739791131000949117157
7656662539594987568797469378316324063351565059103624295700136507294236069748870481077775603865996228
1427872832177762780760302457027877417980716889462792645538752093846330544493260388138115431482573248
1050850316680357852605598637125044979929140312045425479870920901706307640115095958291156250337750244
6363057068516880632445089363552979114882510211248501017802388761727832940438666692886588207470294026
0062309029703692939607295187371081703803067098037555046327589285921982632981349809249849414145704215
9454229487618685500213324420926851929224616694536870467207406932849378996245552984198457180674447198
9610220401754243488860233255757123496826986650749894917612808310340944924146204300050166153561219689
5547264571355524501686848058752376469754039552360315844458766932193604341441311819310199887037450559
4143247558035024297642847829200646000913238177730194392376374314060514289202078772311761081964788672
9489176474523534349505624068184199251844344259930115037098029446821296996695194313152818029121432625
6199295084974046713842386627394343578783495110246696129893692348256119011869979211668473827355343348
6980394555943628533166984367921309687014554896046385870785839583790007127906626506823600805976506420
3131263131311398111860325362212206970903585648169506129680340917383111247537632366106529306080170114
2158962047223216576488109124997788878211226363283815453940258688956605138613106423593020445054646974
4507811749042780955494380540571136873970586982436030734265953903284504178609650300303749049779227793
6404090824307401992537377460706930876296011718285189364312996400312609906133973680395532157866198313
4869940859302892106163916181371889384931016110930420460186376484446456425757142790148865400889996316
9408425819570736738105213531352243664616133020967162046420697900947906861165497632351541874899713785
6615087871470548784482967406850918920843939726981812794350829072723566338146774033980814110648344403
2845809183573313300116364124824078156780785574170777004194888136613626846654936827991156652243744374
8032958968235365728574009837642341394694986683918367907613110947026789131217117375495569176546808232
6985794013720437390411007846510581585380442251536792264232837381235124127843766658131096316426595768
2434060496126412359304089278530456177016350287691956129650858399226771445519397172660082892210343400
6720328351179430200755063276372434759828595467670037583608988435396827020026266540289383515405163818
4133603902757073626043657116081762370661141711879930210655746688688247891004546519354137285470420028
6225679564066273445134945122835798552469362695744588053626977545335194055822925650165394280879572800
1972560954673078847738191119373695847926144163111307673330661701489399100695623212070609060430073695
9565546579431594849962147186945403512235363438440508310213382572915429259848500047188287540811622673
4424206153505811739330641462772525568127501109411002437753514703385614752421081175103206746918404988
2400788778897903120435459148987925602702964557999259823741474739988740242073768162689217125311672692
1471812515061202978203129213777869646554325070694327648915445733860062850098140453703425353308099183
4219333939166015100415342928293681575071198043155084902462937199188021870509820599531672831083734790
4101109658381242995935752615473618567838065603816647085851396968230211555487028366551935179007998908
0436818318891797550570842839592536732020379917734205208657184070233393835127049209881041131071827898
1084109810313429750475795655314188268742067302605636252653977412629221680497660562909580953430049666
2254097070064041096710527541383844110440080154718934815036170378617327386891857300116472919822072196
2868797448134061518662658225229118726351540926484247228732351417326507486853391941063897055070080934
3886067229472957242610014214938016088686665735728249634568828044558468041623002447883116956788460903
5589918388203555510369079493738725804719449875844095376575669953500582276920332449184104272690789927
8086797725616349759952486678954776917362155075527147219552249886750889069666267909227762870327483071
3124692395134635012624061825082414055846946386850411176690740260609722675636848738010964665616406133
8120626061340334401518061676280450841053411941328085609635803360606850868473316234596451967751347971
8377329068100519847471000909113954096250073580504224689137093382174166080371611799706176917609190661
4932047192978210671063081997960035500655348906524795795162843694364716717190688404177218656364361112
8415026830173071533784614938897850836592462956298220730916850756334138929999323986689533312288089038
4909904839187094683237391683851516521940273622048889922235851702411893981171335800830404050987650311
4441801048674720338807610863212426501703345707049970902249261277534792365716399924316764300069361392
2862243156299516254813769226216703018718574974073006641159228687074376446769987480951986980048336188
4990051255604473741323726671418531145939005257663076990047391783681658191865579191665764436577706139
8226047996360548574084996270484609031879050363704295581188179269553143007387563868765373629795346305
9579317328799126120296620389654116289597323372707284511414539204456407429348715021120545315145783936
0033301395801625492802401332634723261451347141240271993027708221821304946175998173867375230777777022
6767442218287780276994486375816629986822212735639515801687119678608136111541668429791446015241585186
0780015848643265957461951964968728429229708933054779399191755375877581993927533361574520627898723594
8844580731094123510496416262293429222636950768617388337735263657083779232078566260579050746304754189
4398010971111558252307367612557649514478390155284423899414815161795134784534346573421758694856232745
7427963434537507284579605138817668649466150722106303604602409187602025356951131406986961637296732168
9297437128428516142548974164317769000296840418529081564863258964362880577223108034858593110249130430
5455865908151243240487289824400477054894352728198115407549978384228305438276899286735151782105668651
3737807619752738011935361944196636068531841540419896097481780930079018818310546914025199647471767499
0063086125457942791050794641091942994626199042302553649475129667489671498538968672079918844119651929
8122293507017421470971862148432058749831500046586958114717286928645747217058877157098995810361144388
8521908760835616561858594551737135096029590522090274030100876027554737294086026695145910590509010386
4668064327168261734562209061963587755501732831527886460112782482202133824238209577955899183263118994
5262725226743500015573425645516063879685230111358881759312414022846783210670128394790225207613578610
7432290049601864944752394292774818519099708796941834394301299544313756457582037957405361676607407758
0072991598702996420969272773401884911954280341823093437440055528497149840263728303112327516524146839
6008157642592829221243409558370068607503444149790138811140374503784271196288225859812417135493227846
6716627780588224325072951605274311418140778491450343516696195972115754083987633800372671727863325683
9964214119356535929450046995165500653552966688260999278752360919528960793212209220007389063239049336
3747911348471654975443528867894198826457367077531085906859379026019601365602134780786779393778256562
2292168657716155370437667084421259287503275356871589144181927985772658023036704017662209856265166069
3105495863813414145641608833814111129428169455915662976185182978146261497895609761312989735992541396
7501761929277512485668058495059660295126438812550261112964897528672963128557040019366391294356373876
4837173593361446511226064438320002333409890669676819196945151510518433410933416135468915677412374138
4685343727168758494848556892626745600677812844862624101551171942617956123803915754221919321551967575
6018394874414024317598202270445507308579287808637552586725619341140686567727067956159776438173744224
5373898695082106876425625879354668451693070705004537565172280962330077979401269590104518070891912135
5242185329448802658246680337176366429597364034950884758490821685679836172908503293388656674191726599
3496213506965155086841842644271633272978254225495792786755563037768962562399443355777934014293351081
0240936950165375348018702545777999161177732927328405303996885647338531237773659231439657292767774719
0479743435714022422527896032179697902696293024392617714043306587380154324357729879901255012506481510
0048810117580181159574448332276745091780796917183401717116915131034033456130273747182839995185722557
6703031506963736009607399516034156616115613018463463872515516268270762745908646003184867592369335991
2181584010416026628000272134956999064910609476137753271639142930382446618232293469505891342010686646
5132235840251758324309933353555179969710378471542693188546140512057179911896845596038321918212503137
6016384938316716889437512370561531351854585015107611469679405384738483060870544578002846152432757809
3294964349922129448601578089440061625155201230684222976501794086773773787291674398470940614353637636
7888522108716396785273458287114590191473219622327848932413991488291825907530136671514455145056275947
5435541243226420477345950146921760248094042054154245640731414284438447986354710531848684895485305039
2598400530149182842498871668968907984549178481547496029540249213950812480778946028034833353396503982
3041618442493344408979897193657718486231759216985328804716338204145791630269139622135450232415368310
0227226002268662656940213461377494118913768862739440967560671117607439712060955522831546758447798328
5898099595161039356008104593485579632003780343966111829759979882262574205916757460437517548556519912
3731340688421707777612325532744552964918260333496081690187080202346585603535620299451010142498900762
8278229460655730343109450922782623875644693523479910573047697918209637615767374736536069592964183121
9584233175857661950492212711100046665132180796622319921729405472244145193888977204622260246864505317
2828154923949585619537662010626635194480792656368606833345460776069744091891581049369494739254065807
0596500951222759722872771979408203610284170360577409688191141186216017265407377444212683116591738656
0949161090453202982263329808485830388804450621297981581592433686876811558246499114376371467319439246
9385206236999830783594825599341924587472398778537347652694642985434584262021377477613532664931998225
4264935776405827519657431176987055235451011250268302347851449758021399189546526482661063050874562307
0443736024131392738811488789467317010202436693783102938144290969436762450198439838202400207378737300
4625313697768899804195385623414054194935319869383074587618613101729968176859152820442628148955365894
3042830812260116393247404824064603335201141548400991048884049106282674286220761561253286791191926780
0444595167087361980803261830897630520641017084338747726272503473264245460195993665356949990680311422
0311055345044698313263266209012354841072683349043498152214138703684887540910423443507963313834458175
4900485391768056306730734990594956341798739146828343870841460366302470968216393546651336348325509362
8080179626790200643110941625197711148235821518237611234637072306113884599776998414967596028437323595
0105043129290798382512308679742825743116145886753881237653514692400582563621734915207194334963142676
2660855850595788747437901466460791129649877063835896389142081889881356557268375510964039108650159119
8871080899214788192344762441710458157390573620924664769876250143609270919897199821738885820688063654
4978313963495431296292505786591549059927019310102545400495652846971151349671924355739562944188910528
6936458819398971283422411110460867479444706571397140836438871483634565497598383335682939104361463937
8959723626364024109092510546482370939572727662038007496623169735408727606316526287752582663281092912
6084745646148533692754185071438502977946265204502406757216313170924827024738845389847976223898405949
3737600082003258264893436574318455204122600316222856795742817371847182474352995557954839316719329006
8574393950333888954994922011145522440466016231515293007850298383040501666327390826332098892573535349
1577563321109448481383844851666134678909285345099249159342957076098790642853925576594184476328095133
5666641150540143674404150383259677687010138598527347606222199091921015323238558118756435255362698613
9718219264645513459104700863330150064855151426679254543610824781687501723651521244004266313245432253
1992760082987344551006183883708048951390960067482319209828634910454421002831626451681698878965848393
3805783459461390482633646173008000189432978390175363308187726107362551401582889671984303261445758060
2828118354212417602486743375799396578431261762772497633124751087058748237964417420038513106579138302
4235734017640624406076541153301440280896819285256346399492350622345017890987588642831363374880082535
2495315884867895637795258861123696203468641051133613873863721541207000902418080649741261221992440929
0214800287776661547527156892474367357805829921055560769895821205575949709768126496163042336043607899
2262518439692058471896348740292587464806445828878403941343868550819661098429377103168957685809549604
6519761007478219835350601997033298648143546370397728163106685578851352706411345672205161711169443361
8200062811928137393325803735403452863179336020303603313101711482893908253689612768511173393334870925
9495982432640136496889365647659360248938453024826125097217041756556727675536748501090187232978938450
3853882196652862368677340576354200687443438697394906825041137453833539088988133419812355391718023149
1258533319917741059290730190638620261274312834737872414083987079532130640494574208295880988188395436
7600358897780240017405607289065827080416479593937172956309293429624385166248916500211475961449327329
2505003391460277514926480083201854630092569857688640854280496712640458259107489084313216090940133335
9578833600648247128906221362075227269359387432847216386273432263575677309833525422160763525004941347
8458373684978885121555338551518023932433480124996340064631021742227222590213190426535207744285224202
4327605407220585374671249276767077286782813275061361825392652466956849567684847369698993978300034352
2947485420695410280043952666368067439098019110768392530656683625504448325485845469867910227736307121
8308368805725240392208761279566732238068999649732194071260351593478948993205165982190144209886042034
5172524287574196260542076329946518502222134146878768267301568615902512256446332334941074762510667332
5161674956305874489321672170386361149482687117367489412782571359047179095742175314320871453620343714
8733245038550435628290715508724591318955198546929428083538208008023117462809440743040697634907547280
3157635294308385313545060093481655505490925657594666820268012105635302313541403466757894881400999120
7098572570126186947120182017352587670919297508769847817191830894694555199168397192931680382284652240
4904734351302042890167801850300743331630761136409394827634680208883496456142766448546230596244300368
4595427384286684280622622945607120119732285529969232201399863905576735798018125860256792000526293213
0394288513994621012371362624637400264140797951171731364097503775089540740390275956592863458824985170
3689550207892264121162566175596003833532596087368550007522954021651640943302220560352047232752663750
6260967871109017898936249552282089519426516614827949857283541442662770003777813905369407666179957060
5491812830576763156234348229894814093217604514405311872357371927297643543425817321470755546037438516
1439687944495599293917602297024507604994252826401690571016885276034669204998613670363105865305525474
2805769936239594442547855084583483516407455005475222066766316120609341442096107820065832275733558908
4336091971872379107756160760161723996594941590621276658667453780485796177448883342977740431611154687
1984454355030927625970466527404087954511191069446931341704585701222057685254152881543439991258314486
9352875207065919629274999161225805236213445843807728091294101656483641297835716757952761094637559092
9369850342015849140756722531518730903404300498130744716264103708703195605350456024126291206905480500
5100046857280169375207165337465126790956637788306057465331893608625237411070802370538225205787774303
6024102159296134395346823194335821815320471169228178113973562890548580582816286864384172735525967205
9933496518748289241172296292622627566372612624491039734018116633601316216924990906419334363095656539
1915112389489106438419990393782153951929924862666776321261940056054504028498702471960320049586709931
0671828410641301360519239372255790613086980982642960209809801230344921850836254100441324224345980536
7584940597220545745695800840337981908304790046538376704363823037825430571037915630727468017294470804
1267189292521147350714847272379352138527194335827404223354856159021209640609283190657263077705105065
6833339885711186406321915477424621196204629620196779535651173982436799170489239220054212768031674388
5036877410303865335454558367295906049165271061411123643630365119087280112654549796566280171235501658
7324026508201027068271490926921563109546404111194414153413566190140389583120985252401127940138509136
4649216260533104580027539364718833725876639433246339123569579109372558138609391466848273588635439806
6132612543726915003698066502655993396078361475692705900011776327255309270278496147149225215140367441
7024736326972858364866525457216924642769125918227031705090280792203654278260399848138514470107117203
6027917403544002949911049110147647107930425121445099171733867472684654378907356835769604318123425883
3771642824361143654522883400036527617745009085151604625180225546303131112536547857308560223927191813
0575698756743810632934488039595810381951466340611448278967604134047795964461846605354614688468722133
5473037435775969139557473450181692493127785295604229131558622919373708533831108091745562240679311748
4281736712829201951602922000610453186279862072158986523874600028886748948989279815906195902108875114
0381540364776211516381408222682323816329845927310596905046113865348300172249226450297348248938849294
2628221671877497127930022832530735815853957972952123255191096517709838398728447069197283541804621734
1886828605776997094601768928398087239301047475004470921909838514086649469201471092763464972265625573
2448664158884286601679879922888394310341870501230878763959710965238187510295673265572756586338442919
3038260606977450994569983787475460775046537220997675619483041006614897925125509822397047688375017282
7142963474937904126843934186712488520504808807430660071735915286087183689071957350396349938863336618
2691662889503504602931400623193663816025379865139079415780793958024782428222509971553253511015623435
9898003320550546374121583001116143568231996978090742237442291307150644740415964988159644447902835836
0880213278899345868594774796179353650422527843555616585682727571842197262163057008734291700049979759
3921175682249631276434505989059332184085780338094028921420936868368569625796626028116142555855834404
9817867104902626234175840129306418673282005022822251369942109567064664774481178078243128329644223611
6981359490458808561126589400383363464155215634701686739684560204015425051715724834202492842393886340
2423832165914775120206649247615839457864502217457835938645851562466998622937971624351316899253593159
7189090310499076706607200166670411257577366440129936055468968909543981858831207275418579643730799491
7911350098721518294517358264966403944305429306970447522973149884578606239134932342977008304832952895
8854129062228563029840059154430121630297936841263524466344023142057543759394194974518262787061925383
4777005885592348012760097737746952647427620244943975410412558374973429005701149038870192365944824777
8538270630210953858503201404496517491490177844585723035602836947155588841812235093505609360381589527
3862076888933199577746356532750643921447086095490139041334713387818668025590914855727835615090807000
9795147182796120539688340866562798053825080582563523533895066309479478545960264153927190596525994471
1389036878054942018253515950534794887407940333433045372004168610675034333533425106970669390989753395
0359535735755452702358103683851616953586439294833627669647479771770294162921943877013516205634906756
9264367915716212402358048951630096989330467034530609569921141234533136907075167187960683480243315858
7397601853568411518589280939385572258163499625695350348780829611669299364986101015658758071624163750
6909071307098300303624953555271079585523486189610505005475675122670363937358974162826411914351949692
9213592241374180399174855122686234851236726501341429674657143085423915081915601484965094275987668415
9913606530221235089403038652562661533630545717202891303306093979460807430151391417527150045889099452
4678122450578296552836407252632244207101420073155560125727258378907282158029892742588830559270242140
9373612271621819630358274932304602527764715767471152333357487151518214174930835109319342958535298291
3825229549165224969967029590268159748650414809227966214237777376967760933620692551017247569483525198
1251599201336065405667360820584617242422236932551002771313383489440559043184446419354863329794128312
5787517478250100366324560777224342220603937181838282597422535243073735482788708436019211343081823079
7654446798905419596167203711469519515041238973807646621925168579031856683338522546803226524526842239
6381534142843462404997024112872822321833417313155790549258300259282685804388060016407042417262335718
9224133509193961092642087905987141508526194452969338882633961903197069743025970216511407140970047714
7190807011338586230468965641474906357772780198507574153332292275727529447308488067964434457232680878
1423170218416193177550385546528870028035822940386790622817169359376462171272050950801702845668454571
7718906240286037014818427387950175641494826193221369979416097419217453344798719926386434161055762837
4682533826840244892336511175055070060711369148084937579066678994191604708128850598772966454785222344
2080256623919433637098004319301581523915350667624009940685647337362738801476169433816747307241288100
3956250166161464767701632183580707268678009218650265726816294686650838302647120345383437302176100514
2646047730737913475720985895845086509488232471413834133353689120469595616603858438323656029474229416
9740268503052340692850220226582154499719032342443865336416148256251846559290725151911420927466922522
0523483283654191679294843458174371043695939063677814531718801562275466855359935165410329444994606190
3057863464054772145221760411778980880230672727741167821367841202841859912577570948181031342637864400
8084959448836034375722268013149517542719534472408762459020345420595074019598199241096677267317160108
4764075699396664338989831302568373959197504669925205607802001952663197799787965757231886047682939746
0147574981933684741587901027414252003708248239687405023581433917558307612089832222073532144877598256
9080710759333363984870771430979087084130551317392955303188714085747371201066252344047364962433083228
0053463600603313706302749383568272936228220386674695449230735714768773120005001608858040772173005081
9824385802040342092961630595305621332150286199131940880158504409121656721828764141067622036468930469
0051491139178126297223484418425558691421232097237992010741486125879154006102000778380062884223448575
7391254473325732523444100251700066078024308375913338309407080865554677274392451372102206924370147439
0955282110476717591631103770643743339483080264167080318288097296035785366376366238063274605514243068
7520744530086320846606576181662354166775149761046726270134128324775487973447253604247627030996394340
7544318076057747719601255659751354300469601966373616025231644410035269358731024173972231838044756892
9887760935795214694695776088444569915554119240352583122778305865643438897692909622916199098476111069
6295979843713302247582653280362462649295825484969242397847937876707765935380856209825446743577177379
6223634819533730038241431235273052500639332908794938914894002402286614871406574505741881051711158013
6032842061277595659965547802063538156110181540839414788990763007956698315814026055385130530862088056
9279278513443704198799119260223477238481985366267973000182432990968965866369663864410598528891933176
9693953572044716754008917107601245232670712955171011403643206324892169663197109762275211265088042363
5712363025466652107683039196257414786783181713051042729649894183108954222835774045729641802386774194
3603475621732445747453043646146881126274420516587292837916782913460714212500620603479601943539739875
5193976622368979374996438385555950824645968123061112990015669936614838614520553213281089386602017596
2378475277117654392279142901825175270868208227880527644408204201046941783728263020087965740188092096
4016986542987274383331621815073073526961871913755762976774610807317367650293827016022613133975874829
0685424066662501718335486558591255545877161019949399210033535814408635246665554417971328374484982896
0560972004031050407233039184602716816894772320739419532036535381493276635231794081403230537329855005
9375854695637556695004909741985880941980436239189567562727280009328257382489677988133026967966971693
9433233521659709659786849317930025133529855272165915097738723036429615809807333610085796802283615776
2130212608892283510350399761623396483860831798363400973360976241780709368904454075698282111162266802
5147731985399840129167294597589883198120465901441881087085469478496659223892282957726502378662353064
2853755381449414361873752740942382566227309379264429440463973201859974450248438184227608988836999175
9841697992517318957686991510739261156923213279604811661475818937916417971881335179583251918787065281
0895079794680832211074611035227544651104061057267858387965607173576027691320515254939258627419709828
8295632693214411433098153570403603988949379710995137406615943056602715701637467774512518620195429915
4570546297116488575580551983406597440441341266913172575221427090099208751888450699334744639515003623
3933083849935559900885415407148106004373952063852167905514372306021264578015767889350666039147686272
5965015835666513388479255666368179243353433900247108102214748476555829718634508368060824914695084643
1225317712344749502740278494702110637305135778535197252709730670206791808365113867309530292565878028
5551850969264695325507048771763133546865894269691098450588768806931058235578923126773737902299642581
9344130094533860185076870976000297810232735083410304221149846537906674706017990532501238946002006220
9910111191121992020050451149434999603866312152963596192916196444816671900184466345184313521749896116
3084299153236807747848154839654446282138571923408615075204272913210794049574816842447742430947660951
9277915497130101456815529963986852221638648736765504662885226079778767555063734884550070502497899207
8785447637157582838756429193871831733172093499780784680283850902681288587099663688880745521576979897
1721750948219362137690012828317978993900143775697670261023344708223486707233734014706401870226720536
4693563997373810947290897340881473018684367629519803979441682714105210042477518089223090895198740827
3612889022427180555108930740830387251000675477503894163394005707362441604930981081231211761085380697
5840250576955145893074265362847386289506272426548007020437430421412163881348934005761416075668340919
9323955201927059396682294614019849505411520518822786438338895915606630591485466018933737139127135175
6741910990783491842546515747814264068622553797504787117372809934095615007899349118209520308354180666
1590806524771434998532105077404218600480318044485510806159410099461221874668601933675541151246213559
2261345347383970760140974549106216254328952633620547922194086788746704631083522330745838826546402539
8435080714257420016968460256299751598911203992167849529021503656517921863785725905502724618507813230
0674602470914396981175340792159064136566167868354186928078768949973678732037416855310137135738939381
7945276367049619738169350165467564647327300885309993996758628386755232008474214831513076296979959202
2265188605683096139078579660482071538156899743206005836196211493372799253965110934496109707764262466
5131330575695257099787014294286727748990226106345582095998560607212483884351251005597221031194021354
1354892666979960085906000185791851080546948420335287196743895678963002368235196295248227388881818095
2725063920833003485705774069739077526799090318241113740289501531520286833120733901891306822587022860
5246603910080014960706298042199066533219654996568745871916001096621916261350906225549867594622723647
2794450263928983124506412060507141818981288306896645456765209990734967292254996900017789922332665570
3525469395152706184080939308768707504502196247495117075789888341393966099641151701873345843367227794
7864202475248897599156885777424655808830309410994664750080815480729926639582347001657094852376762382
3242085597676741576910977255656276208837735301710299361025699521963419768766225689614984841151774889
6303432248961780569604069637517075448293166806751744489636598028909716807667857580005328096157488099
0436052140701227762505621150519282290129487942525816094972800407764269730115134314428045440685739381
0614841239121698960716684706288559411805947352482164947820714426150109801853839942560905694096872876
9468391870755544283846171271277012239416951041311594998834289744177961821365866483047652423150917725
1764642440691179918049815934816672821156994642051716932586066240171838744481744396972551463481212138
1872457374494127519172930913458635122462385910718613034363079476384403939992508533828062354749289312
5876964430613538000007585830729140462416608596819071472066595499440957178801270491574354726055612088
6053206364102740294198965666958397542960737173829923663350980394876023572230110550438187879369265447
2680597548826235137241341302775687992538443007216731208061301560104182704902029242318867640521483593
5603690917636984387960571989195283746447002983759237303873998284802106271714988161962885059391125732
9939933710360236509231430738882350737963263575815217542894302359016942614257234873410263569208570954
0276586472363069557347386466731510083951846848450210430172835949700892856605132978264449257822035996
4808474271245528798887190777613618154495863060245764838943026392800274911721922864559741146869388382
0523760558183689317308847573761903017579991186790430137605309857049477099649935793477300381225611690
7321556101045180212210860679190928237442173221688067136855210694789900081011636783038380270114149175
4857728448407766673473403699051474169662138500410228752318095523545061141592796264979441761982653210
2474227173499065658138852435684834872529675759997422144170398822888988705920559691191453441533357607
4986699486985217712719464655934476972580554463947733286631645101651779009052172032178883853229205150
2279411904821622625787241960189490927005212625912300692438823255525629998101568548514382209839932065
4307028283353312107565494717473739003369941352041169858419694266649309112525376862285366106088784559
8836887932408707229859342910817531554109881293414221059815995341973377702412475954522682782506033221
1419116636435779322035609524666937256344601792116431100046034826203146550431099132140163875558687884
8431163179434246691536651961718994154274622638453322579044794647345642969494179772223825779380338424
0790778624674285422465136610822200814069807966904475185964683542609006848415466675268515623062282012
1168482359925505267623290819621627315433430771122270328751784917805084490119761304034914661835849102
8105343960528684703394116919558928839863576728921056322071802476052708348817512185662195287702744468
4887650436128461240527803141317329513749606104136086237168038742966700809320599618464365317283061586
0744089511087498450738098208169459760955002290102597883610387812384555148888050420828509577510389121
2599217850588022520961183128693684850190443823049979323793513324631365036789424409035673423515500464
2181007698478465482449760225634659506123823071289346395141927801766528418981114296345009636031098197
3824538929953846480403197235795662843726348648871989706119835500202550212863014146152856865391473141
9933138418621512777570507713626538583625047750263660648446316914621462586785424276767694408503753074
0282362957063654385527310624797806481862629648580740880986248171777819563867302599674836949800671032
3133243472727349240101264252336443615868402765013213561733201770258312141801851602551677238133443899
5232244073934725730423944659596231758245287211058095478537879079542063793867815569581003318282922444
0819158964755078874829172115250917949624383840929909960396028645128811648368942138971030408577130005
7367947877596753201997789608784955692175493365211825456408780683379956582558525703228781538616929335
4202359483295954437483980446864489325057444615856626209927747521867726280663554275071258212203057969
7574231804596085804663364079383051393225474605091338019622489770439916974101035005723183646134019997
4104192662467946967489210875529455799525773381877487163915568354273113856111642031511834949097708780
7127689283897262851945919094900996672589643726521662764200019269619776711417182749385740394639429098
9801234889251754339538334927330555002488274029239045626243605721385925353322796624037058311491901650
5566495396702962780765386338450317307585993181103945194711760886281125759709823031429389850046718938
2574494835479631650053097612262803612484747426521263025274509874486892760639272721649821047433538801
2465636608103297862211378325574551278739088490790907037083434544941346341964191069630271337348208788
1282849151876159071516557637836547282474090321182050381889810179645523640154548644815611440984525913
1248278276949402599448980816493710759620111971192631440801239860063374353144748790106861445338274313
8044869418698595848069167745395724539266048707518658155702662790675363534282853408322517610569249287
7341002732389432868365033115140161758585499264781882766216119168739966434335188873481617140429887934
7944627957274425970024838647280576883951844670535582630321416564267666340750328823844128870497242633
6238989248786052129172817205615102711723032365989581635548431602242765002191754160565745570111056354
4938546594162071855845600413786644501899352696559239385192202788907956312044816769277185332087795405
6151354924781231289553229983046710194762428749412901158017060376920193099951369563344504002989572750
4069658812384426665595035774777130249045450192555870043028763515242040226052434639822377171720067045
7915423382815179930688407080711147449279382088962646538064568714240791082763852948987796417294213002
4080601360630759821201497764086774935014785205266281292077389709872862863487809896882652176151083309
7669242085792020699084746296085967306240255324672519295758930963599818817901520236722277618914633915
8210002509386496286868426647827304330278081738875647902449650510584646254526434146222303632033495352
2309577174452607118139715016261746577661587320454627632394108590418626338502469639233449250749440066
0544667818845227533695043407528663210999493491905500998340343379622803822970203756258163257137465758
4970549719167693338671413610430453595622050255798947455700006110877625877165048552077177822167251759
7344523344363925305737625369250479822484659677841010710365014184949307613134818276246452342835046555
3309467951782153169738012991074832245122064997032751884204036368630439877334461654247190446241201350
5216978565569497193870511109191210121479684699194122254840445885418317050393641137482665574485120056
8136950162727432869729170134135747515619233834633249821824679399370613628582228050450603702261991911
2100654547009004498592549686467991450594956048665197065090391445115800583649980978223874230456180375
1819459161312546015692820105847934184175766451013541059879197514521944454734898669503420230471164970
9792762795251164759364236082867455147850673579415637525547482105170112912742803950811317698994427403
8264721056055765348713989248711759354124180731262202040596600844556718006234975614479382942797900432
6256430927242558047806990311591776080356723060494631728049679816170961896215983875029075046271748112
6831324215939304846497046092766964176775132890491890520262230588771700948012343012528655585373350468
4372224329994213318253915620845763868867148406574193238147104771972019276606533518714706596727960200
3184954110848574583525851184725997399629834353886219287460931820555271174973635022367538361797866825
5191213379561052861870953807461703823718353618956705738729613911264322131596877996835096876360635273
0358261130069596871693452276449583532515492916292879068169070958062124621270104233038252392570833700
0416055949206960409330285293288769740090941568091352258077692722486572896516857744509647820513594010
0622013144480335449406768195857121566300678825263571401847191581446516668625921131523045730595677576
3258778727529300613566576569579927488309388269101231798211982383384708356442913605014223726383063047
4856291279245524054845472739976963873913632399363316667543123836514202547925313499522090740577359413
5937580740142189502307833862672125062646801162881444000256000762705910178382440828469336500588045577
1932387182884016283288746134292371483258296390962874431135255853022203234740840837181901543229105215
5583346778849469789135582915202315904924747269078307702306227206866200748326723626764587909714812336
9525601730534455602448357612880745149820811962908117733689554208053983711934994766219263077322631912
2356949214642735698519938904378088193122553853716461151251969740755991487590521725494998198172111055
6932234065693206285620221581529899257360286745956130377901339730607640300683247506030753935103995848
2652100657002834777293598117589604143139733777041659674898786859678201948489642847108003222126356864
6754129296398308984734706746925644525820407717987088992439791329931588212892053922599574745579255688
4179252076552174665917595581381920068254127991109033564973282670252616416486578619383514124535262139
8261818479878243382421803156258185385708468928858366439234436832565111513823051543685369124201307703
1836475826415685883623569220644238165808386368832078437994327325611718011455602382445051533464666445
7257263196841563818830838716433703451113593502909475624415845328410199210988883845780445707128601425
8273776307728715438289414725925168718572924348381850052029074945348200424968630567749210459515214019
6424753337903743821596400207454581942915853541824269904465595027444708224248186730086810408309639714
1164896302449715257229916258091531244415081759382118290444962754434187780365269849139784578912556354
9709433280520488045800922864087072699230503757691867382400318014972265766477886196420128635123055117
0977314780946659708442107967731205770867593614567978637552190997138871401063041118769267057648744335
7650818184850661843904114602527263317177299778651901757706455472777595147500323332081031121775040426
6979309209673719515113064714670074523447479173006501493389077011736087933038792205915399067891415327
2518206402440235477852217386192600457140355492403765503976834535221235509843066356465698038830347473
1956644509345758496777846315468449788892587103818759456557941445377319684974974852375943220105602320
2570822158627248595357919813714925126400607793373756846092562362109202673184977367094867296474592801
0615255956081189147298590657262193207091183294859521622982570348996770270926656117001659222956917794
0121668132382180126641480056834144820078846818555906797880692516869938686516712131230895111264626621
3194917327075147988401451023637840924454410250221637384406144538593463213445837060769909079507390678
3245199669676145124844707902059259294819058678442494571587504404699103939495680687558692121114492527
2561876981431643903111642584576021654758438096169205170919549463776517689087030811621709286699413402
0397820620579956360302428293252721968964569723480792768897843123653636213255486692429340729337230821
1240678283025261161135383714154412647826637068579590299349445878093812509905802047082534969664753565
1128715100492448378667969508845602217991167434917410187367780207480845677610298929598344517037799455
9733098546463199798086898062923846619265975593202255235330806647272083464701598760269393147624354893
8065037174774861246576668821344820910839315199744841117311418320918029818475634005716062738331941515
8171995299877520092289585496117037055308459233895613623311481562637747684824703044447404416044024945
3411549956931058353324554384287427027852590144361394150245047002992615466160997593354205592594434626
4770256970622516156036692630364659418488033595360180074299544094873223684292011629300626498303366301
2904402498336240890523923183770670939613876972911334252874022728347685756865067804533982822509638109
1695206858127691808701568991265624624526274959794504841760595130651891198186002095268471674752133930
4465883793117661522476912369658283063618080642854378787432493429941403362501227784293351390830059823
8989070296818630238082696102566977547386294577171530946653292331800272971741060742756350911535803543
5892335245249787287603750373654366980194588470910972531653611279228280315559110665435343143490444685
2630977385121149056891920971430718440099858838394822567182532282128244246238058634066486012035615022
0991470681282602199025489145446707494947944849531070364922830203935945381081836432299618108536607375
2069463772776565783686991373966780698448611470522731313845012193916052033042201433079418458293468428
1755785592919047609996861969547828503851299866948620367219926070093400821390338485215037425552159889
4715630698916191371145652322593679760889566777560394073442432121829086053968811538812124291154825363
0200363382284758683747976475781456017836971184891390545455107165692053944432570586980946577462773392
2772511721360337808900964204408216126228683055267390319117968602460584975086605805561421551335519882
1210597430823844067674276768886023387336193902227057985867522614698137842226179458864605451889022909
1261222010952944942376975140510688657332323381353622412208806328267415340374734314061414495785196303
4167967471119936729518097779302295998177949494873000784763007816395482675414424317016519380231579839
5360904813995969227424264609288729211882224042725395467652989995259220058938668984263137715449641960
5010175437084077017780117311152976551132185671500298045148069820584430802176791823092324564873099492
3289511171979803618595853826028451297030799486660050061143345732726989805435307879594151978680681111
5111532831681072530342431518672260813153929300716594580804055084901863641040284258148405283317312806
1306105951043401193022056869567496824314021509249550935499069540571513905069563484516404369000520536
8133892888440079966887751290591900766876919791600041704861193645932927704981765282332325289890731171
0402952598954121093176520806695943176182072433222816134449251450300801969418784831529483603439402041
0609126483311825496815854851169174923762980732553781051518433412211637078219504286000166563451458227
1166485081445929963397590436497875817344544114923330685484027982423848849139207279629397931371795367
1528976615814787067807996699665813393779430987852721556663301258795244068677273661587366779771987835
1448919672739118412022255217457690638021697944326050826481842589925761509697994297505161589732376237
3657358648049726736856154689576290633614548119589043539946166717992775592343286711588013560575260672
5896900111439758269200099713651053178035388139502116516251987001692080428863552227337463775201759831
8485376322502156769293743180763179748056529773139176824148197463083628869770685075351219430617020963
4179441148408387918555717290247995050272895491531205428213865724003572920463764214400093318838305180
7272110138631326368719561073187250323263874389431059223091561137361180649692928134001038991313810934
4824082783637187963589365668195300227383103232135053479105177084861962832873871132796730670620738124
4531286743729037027443539269080137233959731189869224809801423566649998117231052100449576904878034195
3743085284812887850370319836483451054888424507991297116896098454008117214336917055119738979153407676
1865638656774520854985121758665410384914677624878329691222620313313735068322909979582975066368308880
8759835016507902563363361415591570539704154557501547357187391663591894952333513810669967160489079079
8953848906944555132299253417856770102713908714473695268903751514437131420326956511162781670638209870
6228827582367960859114931183457633015815704079745158497652426726456149268131326416822545370528005618
8112530215032893976518147926511299022869539094455432173323516775491196338117671151854101058607036286
0400960234087444699370229384465791422653950634309628912224491044768224387761932575100498824825546103
1785009560213557402091831085871966083747246001166528177846733199861594840421840978586275440576830676
8346411356079369435000343448349162049796669540740648526920427826136904800395870224540020936374690853
2938706842719761469946179729219552250878815522831141244996030764238654461919531889736310693941947451
3134624777586361886545499887098229803678705496257511531793863566735895130245722552267394156112995570
8056489545733002013020211673359396806744208150519090875873818589856910207461772891192162312037946492
6231748723332491616601043868506632034520974316619523975790443665775808750550714235561576486130231429
3380856740222797445045825948744937533056880631829214731154910398509930393462959966148696401339793953
5003245287763422388110346835991015497792260854568951584597792404219747246867874744437459093382876816
4855189538236969220157692768954200700549039135328701095988104320839101831183978780160457507516491390
2486887889419784373928389401215513242121542734487709024690763986656359473518676847863156446247519783
7568137777078221584293331242763337636828192471737937116271200230461305591500440907205386013118218262
3469515203228438239328479253226800696533133334897180798067277002509749911300669223967360646794607074
2405654192637097942837688839918955706198148297602403618718895282485164906323413809332399058593751240
8647277330227573986966094653480306595855904731961676357137333909709612229575535741869630745913890936
9236366434228941696573647450287521699300209256171234107469789030452778018601426001387940805484263841
2953340613691223969632290058928589443073881579501025877176521691465363983513178998667118681813824330
9067333638131117463807194381811951348992229957717762336244115242706589097800283794876443479410514828
9190325725299310213302217406791977920126945381894310542154438376285862101305626128588072988474889586
2730857305967665941320772929638220714778705727793776220856230770275626295173240008230114713702321862
3713998927541429425405203898849203621318321976247463843178631337117392416637794168068102592095484738
5403321619776619802442104650325123670559101897949677593250867534118002004900129847246186756201109680
4672331130144851707291972122006851751684847706513327982175723850269441956766896107640049725361329006
8457189499459848470034449959009493210180289844295973878834442549195751265042465508849691019700406161
0678721080618920901166056614643533920159919696904607542777942078445925806991368537060918438217426407
7822805954982966799636763202750324075006760627296165441721279804184344415867020637114379314520768112
4840009996785073210848713211193270697919547690423321208500356116708820521310225931014074394068609425
1543428082091627512957034275547087184442146576549665243049386038221113129913091050420309972077324140
6828022093871577126318221954421493019743054329945556484396588104866103587053912539254592996967544870
2080610235453592169416911236701749195687886105564945393648986054098158674043198989065325312657755220
4708857304655723987829190330445260820090339301891438477837598754761235635234234430651704236831511094
4804902089178052606642853297040447894185175571530008788226451723734316041945126085781516258802774316
4274723003466333740309201362829758873748259689731255600193560131441916252287300109080661679123418628
9019608553912747057818268789821475295918101102312301281659135264777692359958249749186870632792768450
6717469051609293572035476455174365390680808616859559778891368380824936460496217747254559816772684781
7641054474850013332794126425552032240482380786866430069140259800826437065573598355554525811775300421
5837603615311899736916465743176511241170597024898712921588686714322825993908665290466119672345183836
3839933935782838778479419472192215483320246856621684252468900899170477566263428203827119647885087698
4957500234286152438872408793906555117101790830083417910300780774543283652244182447835431001605447546
8868531019726525014565169171365462157206185416637676389125608338842339745599611306163342743645794529
1375235262344719995708897451597698875117674626840261794917378227208510687268135373415897230370354120
9326139724614436544543028497905007040337486844238839874932649358841742973679604073472552922459925913
7487490386347425229656234748199853880675863890794538806062597469012419653859461246739118358761377648
2178337529039074340272002760326014595042388056354701542776910456068080735467148761069733591232921108
4467056304163537733790574832841944701293360973787101071598448263910781139013121359120500689036925235
6662519347808994146518263843068484409822833780316487189998653132898038436431584154140216386866726547
8173319276809397664621044144237272797821552875021102956248633875495663541818707064322014273405224526
6582416381105241937091883288451296673792188118673716924882832849964930886174882528301738822608457818
7503186036005595034698100459330578253310973178033447634430453994621479600314001002619309440083689808
2517816749761276160627186529978373091471580364482580968596839265399784001645335336105998304336918537
7891204858805554358582668414378768910175225287646558969603658415508233882171560833311851560629296150
5649231189946205895855245652726414884061334341380387258560184724209857736105107417845554043717249681
1330671883961434797735476499548074756799241599605591596073796061178796484130759465085539754171326095
8904794229691481857300198253412586055069156939426092666906628435308045354764924137891256249925870373
6348557113517392944428749462914314864784583270473806278846287327069422486777036398283659908004334767
8636721670064272413174358353320713084537450812993650633493118847000955203337236373099207374538591581
6100808619783834077875954089913108249375576494509741083533975721937633215819088130966209498218602701
2970989342497182518076702281047472813161104614302389329317349461614265483750216931114368200723714919
3109720070868426823759054297046928806310173784341711754931137789439263789879248437064074522099361117
3479640303536493485590600296936411251469808588854421211592844757792770697988682820591704543250336387
9731266961342007757215821950793650471621935304410647969359711719373130617088859734207153725797272852
7728650956944633734603270091665859979608646094297028934962292692096247063379492575550985036315366330
6930111191128025378855585173001557457799779719259214048606325855192312274795193608156240788205942507
8920409236935345039163948247207420274722901206688734783361588692296920403491793203778328902708446742
3355502824141354774214694850199611507190486124320067539030566111144619115604391257391875170303300748
7593531253941448413473439114303284237303533264140201931916355778786918640388333822181860022701211200
2520685540040874349437003060161805934680539607217478742478028167051484100830855986324525926433768072
2648566020792321457742971949950697050651769074628024394965992414041159887982768463979413634565531903
3869336928550989894487740951015236057546524397894253242591935134755078209403139746736579229930827145
9147404477891173668240558009842133431017653765851432936520842573705403799274579014815678724455734909
3135974277154557562938261533505787282327372527780869062569986190402823710328032017397478359227223280
9528792646047442487779157536765844942717615342908405070075144372586124948660805029756203376077241659
2970002931568056304889672634821838635459053813502528230197037012576745291537376243657032453276149972
3652990362087066594918812631737976541336036766887120878530364914736978536457250116233224492678302900
2471583017765840134036896993199950291525198602160264164598890530715477225483984846294249405657900640
5716810300570770789687377221836332146038444689565980040339196399360946532277644767072839533745253592
0587386481213270514547184188185123480672301543285545040238303935591462104631019683677149996700212930
7145253614639305730760197653679186560681309448371350246395989815680232261970407650382176401581011100
9818610821868553433563860971804990847003408390350663806036988738500086380918225061515451898286048316
4190583948814355952320118797797260022304700832349282598681853801189582452584392729402098278946559121
9811300002031235520068061745822777756786181206863173425772299059525962678282130319937217024170637917
2624202203588521997094202544271608550174489894634234506099279497559627280885618221127899238532674399
3749412659764808052123433002254504412240249195765164807134648773146152866283924148447373034165173049
0711159883527959698044358498007774994545871824202554140447925503481443768801268032506735984274246910
6958622215728742609091945380711586624970460202380453315406596959647741644597938077771334471853286569
4397182465393541904890222648913264059199073004614450500315954439051988208707045955188385966378377637
5025669634062227392289184565765102829640940312567677840567372999909679164233213780859967898202110056
9890593361093344657094607997743788664330539107669570506834895690043436328949107900626378068738142271
5882859107334937812075412208575931961161918242898584532482282368619914545850348274392403527301787014
9466585046464066565094754036529111356939738590578857641781773837161252458001387076489873777335638529
8166823563882098491035109462640253475009870767328577771549553376035737851942741612231070670960234832
3274093421386177070382336724789952484308568954901760171482466159653431078732593149326410556594586107
9924885151653251018880424458913619063640639940256854452077753515446190757910320350098025354969874089
1807635621328053441477725960049429249985017489873454848191546826853993628588026868048118129853091371
5612267577336097982724026920878582653827031455427826651028493215741006239927916370221475268745894130
5728725824297787587394418047349292594701761077816229661877909888397141231884693259769650407956285796
0237647174238665339873564505623951964362516172237776356427487494405018614731319920562670346509359095
8742136816046320946373679871355625249640801357431899008786575200728163779678569558691484033038340490
6095359109120773761961511207518577415407176279878013007386566752852156083370784797491033423329886705
6588041442965737768464140416483498018956831835667173548968604095985343959732289912037224598108362734
3230234259474771584924012747819414530073312881330811079364305844791427212037985426278955316294936253
1454016561895792017768274711235519295438689740555491646878921802913797473659957535931257491172382248
8711479777436772701597864641914514598920584627190562744045064873515825123485160837961307769547733904
1288575276407100653419189036528825891992840531537799149538883467021741552645877045830347913355069316
5248044433466221127274522894342877050299298956777551351757734859947783967983302020366922948732939355
5692153466236851365437790817421525493804166813367361667867627625243259253053688440288507707437337951
3564942104199932591010785015458913515189699464768257250020645495428150742539664626817485059855439864
7099668673728431338071671488247448656735946290415124472532224108200101979738987950973128949862745069
2969982681773027950398585016281999137565024732565545144672421195977312921423748275366236025637610204
8793285555879384093384827031365500788781038890399481858204097089367735952170249432601629616826085187
6957080885027083374669386952278170516423481146927579746266838910529714440002442999361432506370728310
3301605406378654260202424410204205229756589584249063795746084414483981504278661978094385368756103907
9301477535020885583674670072179415255151310298268895469577163312697497537096075565560285365318438176
7306209980540719277363053333082869885468752066034450887434405060543116487538901349935803968408061756
7325254235365045310038118714090210544667257136746978635889270868477565286927204851589868203406856143
5611234911141727198134581404687059853967450666887130381286634462644530005169873601250112327872292644
2697532395622324215750391385658969551109026456554745344903588670237380373511173650879559194107036531
1552141105206327710224919863183408520949817137367086105785708627117020029125938846643958824418767928
8227538933034862276196996795859301398906923487304573733764758647794475276644672098619373117665776915
8558696552356767342754097070554894259550863717293800353899097726290877910720519434500959702125169061
1328040875182609479820642289587571850545433234629322137699669275176911992874662322397922469017341647
8638967640975750999686277482377114049901588583978924732894021566949964764940358736091721499273388619
6275819066443113040072923991314007643545112426396166746862809780825861421109912044979313062425759604
0061397473555563628681231554057247325651102068863536508407921527396706162511441516518209887363485355
6244642838067078941265697687324485898448082263520301482318625516467572747066489220116691095358879164
8303389863827213711052305468842286913263855161171517103025332440815486341534550012462691376596946192
7199227261505664050705132960274839164626442670974747525614849244913847683429162759779862709059437496
2761443206927514862419376954956913068216234253033544828956299601815618071640177767136182157698632335
0232008323166503586745627957459967842401087339895331618920244748822154939527846598508175629123475417
6714436142539758419537907236168088147654346312902340343086941050876312250042820726538917475653881635
7125483474492456162798318499345356781728831903750373358240174411155257410494391671506727274397786313
5837989395545772077692057771646833167404326168131742746489018907700598852223821140764595440321536893
9522817883714088685474224119729028571937045285050657304547339042432193766857920775323852734173664079
3242503153719559500757092775617277910503168977102242643444162752346373211394836549067694491544369785
4111382861796822542125558094032172332734488914561919633487131636169042486711324280467388286953694006
0655306706878044407000366898012710340090390981803519517419740032826911854366759404902176140769339032
9077364151780628137001353144566528965848294323955854143884345985976822018752570621594966957860762450
0484121981754936908276716326956525269812930050506489086905169776507216182646885435310158350883729455
8289043876513570686007162928787668386953316150961782724128560478646493631519884733123517090675566167
6943451691705881803074402505254350482069391070576859020733012458520544955468780694629184438638509465
4596483093245281563902338982417974565596084147543471171377939795967638166956241731963681175058855215
4855862010823672880467296984777167457697243443299318820532082124617447745715432862714152392735659127
2749860224335785319203386315641780117131585227349557096680555415514207979772304326595087018992747682
2189797379165137613625825899993711166962563306648702407304826928415121953097989458231568015951610650
3775737483640308654513767843395386819548921174108975029501361161523689692467717025180627246582744681
1360767513250239777745969371219745056840524894723508102617335236337580168154447240104557152352573378
4721667264420957692137589506175508599572471091200857305199210072686654599117591204645922702908412543
6253987219539362993111818088876152989371344555961709160748498266618927432954715539994511858566940350
3359337898372097838702883538310123745239367062529381113909992945590976936190082992454747724796158493
7745291366005836226901950239603720097433243333802914371505591738303188427557782171805136811787982563
5775535616277032786129779863227410795142967508155543918333449689565866621701482814857716862316895386
7401626737127224800536992870302690742659281421133613440604886162757139098390768148950638805268360577
9221786780953416930556643331445254822864353262114219189060808057282618789884715713659576321451936334
7122751616163271700820102161643569143092186001696426855260343605785586522740568744352431553872844269
2306115796185540561765956293890811427652028804775092301422808145574058663785417271869429583908226000
1004892659024654255008211551824220417547764313884253065727890725155608758847483018861557721211422002
1451920124966322388677958261561769846817174350833441521214657059299513403056423731360776992909478762
2260315153326556145065328540946257526966518585585477573192750624586068772376474221107123815836740210
8209003601404689333788206296224398723519797809462668005467277835668527360101522501080013794616753470
4730767679968986082104582231636849321644649094159820389258362777341024391126677110598891119575104416
7915197207628408620418306188974291054504528059261751499357326419454054781384245636683043615189283918
7842992532257389618649592523213286815839271607687590120598310561647684563918410134734520319716109544
4756124337550358263084441075814320607437151521096279743109927193289335826792057923062443830549897763
7268188615360916874745825823212849647646404326702192803052411812212012452722187950424863450790038052
7889200925786421002131853061218792991518876965415354443944304571944550270317038028612471676403465827
9316108053322340465572853152808625072563108277266121113831247596910993533357328824862806220132503400
6239583782594160577288635696800674572680066844252743866036076138751878328125583112990353115886082338
3326954476855862559595894905063417412983037717368685689295083088550523018595909972122665304598380144
5949742925146123560816654829133936043873499524595301808659105807443986159801969661801072863390708401
1804890444489766476144638517989919854257737699197881773638966668264670123948727382508061881179971545
1998224810989280456952091307223240431967895743101461449127386129020026020905983312714005574719090386
6362808729156773734709969367214821269669770951027186973480480061638933902067207836472283161530353508
1701802346042617936313232970714581847093292553892757358982015970742138684320739284057957267707199031
0184683644550243046084903707758579799648737512402446375451113023440844644746689372319093224309361935
4687125063348032764451592905050731206459238905930529535768750964215523463609661882143739524493820089
2558801870172237333079195836895825236134034469844263844886593276091249804703864135603188947719661188
9839837264062065755547029177010997120509683996803918847353187975000580423661423036695858850349424370
0705879266798265792876099875751224843965679348687610140394101842790903990519255403495997510582430968
0413325126616015280484291221197743853314056196025283010047601496503404096461728257249766147450520778
9722917063577680526137663039486843572447862776661214228624274771055918285236775104591351460895451661
2682552342941553661897704252072131152763548906402329581943844564645978936442931311118836463538475047
9169485699863826344872168558625038666593063115863975580977256624893507936024821754334125784838635249
4575795302718339026238119003477330181840938430974695750776423083412963608713266946398367925731757408
6446611052564073812052950912247542350724843487362589862976076204548571562081325046541816273798226294
6883190725347925284768335196490508066695030716259701461004422473989408376454061507219420063917650997
8096190873599456748679623041913407194511853522375005650255826849926440198366424930129276178364204865
0062092271081938940156778144520853349596556848616883977240856283954216870605796811151792528456089555
9815619558604497543348380590205909271369254641919385687913918807663571882940862349843682929575132339
2483174676676849805035564298869315500556361996611344351290885267596160820298449166166434722015345026
9892652965896964519198915434852998045819896816920290693619886840685038717658776485506763862292597914
4540820420067970510761672182403035180170883639973688998751950818835379146331559443720533056302741324
8189353518490878044145052669022383552790249311895105858205908322030069406580085191763047702680422768
0946914790531741645036693131084253788212868370738193222447528537408249199879261181769092232159125903
4625780842223779275827909619428564469372526507757730278923789666092003292835577917102009314321505723
2199771163014493023930296808969691716628348319145630351164989107385593312725850237143760937975637030
6134177403833191901771822311805753534416287494023384443801602115354639559210835460191338436536551297
7994543554685126843856063965925648639148982281358541254016692592789098925623500856193131250205675052
3266574426904311189193873798587385659189165525035734555704886884778863102300679033018396485851961035
5078493432017460432724141037672375429446090262931582806274118162521602116534491108467742466100047827
1930037011046867205872605129139535728695083946421674967883120592518704790648065552915282073313029401
5195040200642072220022525345104507114944384686217419097907050156987197202301775434005079232851873588
8413583595009904253026068176599790077394514734909688786410957722559249100918106900145638581343182937
9385697823019234484890952114299912916587005856740011256538857186635007253248263563172622636545392541
6731367919799808887693958752865973809548144863529278741126779539537895331048611199641334125475925906
5437717845845621477542352587396476725576416208461196542742267266716546747350213222200691723697254879
5409554666419438476117735853938593319142307976430618821404620710059653694961522827485534372619437678
0305840564078253808671344557377598680469652487550491329916172721508210175368959497063513072440145869
9312957396566893663286936295747725605280749949575499457702783031729885700421607007036782845989776826
0333315366886784586722027902115993476798914594310640154422016963382803556081274377171379837343975973
0038940489247746735369047379294782091983733223884284507575251933445958957135224380720861675907493413
1490367052453381993643301154610815195861864143845850392771935235315245216758895400949738191098426727
1039081032396766670107174651186211183146057601249259793612256677374615411067130894144652924183506122
9837928727248322629577429177504774429172816319562279483073458149214814855498661752261617070302220385
6858670346358560088351195479212619800137484238071287644408389536109754775532904136915068844640220895
8387526001226089617777930484212537583658426440112704199620033392079666102459527527917208204066970215
9730693836181231440764501277586776255666025993645999452904184674295321051450169742300642747642885657
2189490687583096253520539909992162350427902399493501935702472665590924253045883680466436651083113714
9055633154887340794298386824886592327911551436025366752942594979821611076028360519273747734155474028
8560064441438746729347408513744257110412959640413150936344561941004274959252826452229138722651149807
1650160762233118047377731219293835713215309498341453260952847093999800643630540781751772349878327689
3077908322791582472099870886116691898768558447211059613172302785288791367650788487987710910290906233
5162936631416474171743511670792547084471257707187419898801481951959660701061805580310140073917800716
5256512747912154172835074821913820996226428733737532476918078665566881333282279426387642528956878496
9639201991438799498117303086191225178360521930677124172670428772953797716961643931414084695447483264
2406783903332723739919528327168525443586733581387407783036448037249899023049408171050607770627314950
4188651148805001614347967050856800926212836765147001208428066370449741138234484389283119302923086554
0718999155898997338473562420960196770571085467478915776533867952541733717070161217810670513696927660
2343999003516761163881990686343744735158568903766530515885790021609922357217356407382365053771953844
6278698311846859503969715449955571499149124775330176858629372791986787412983406859660322831250423620
4092626206343216022028240113089858814129911069591269860252565264954060798035259642792245228289991399
7508000237178274556738174766970976934518738843038514569008164396027613217248609997275602784239299954
9014009971906077124538215873458133385253542025069600768117684987726988180270732107222353824040056670
3864522533738334863684900514226441802853110122189879933888250291053151630325905418395171021975733559
6132952049018483231900254238483407019149486005706580979961122837431329027448762389926324952185145577
9512837810124936574740902743984711331499631017532400742483440733863978124858341450442235859154980409
0973479387434366951870589154869530652641176675115778563637871470461540828766067120774247501089369749
6595161540684513613611623149897876962051158873702337789416207870517555097622363470137700464851459988
6385030702950958646111330217417778060605069713604913608293119972796508758829562724682657028588340696
3997461136169727372362235450524916431764530223225008027529332393294365105080553906353924614423923369
9031933540557338671581450383100240274634507687589595636203095252994360555099036641577492635607249591
7938108867186702018250467878105097042001458217918670286291601324810253138056061677985755150961029945
0398558646689218819734787155637380121753746782015318550599322850915397483534825375209023101617888644
0577668399244000952058999503558259703251115265203403198059361066996308811625784376949120067357672615
5352849175806255401655749284580667449199766863731320058036233678257380321906311884981611549829505869
4656440497783451212849214813288979384093471327835118022990257920644291530896822606250047882994743543
0555636545071925996459622249657241617132594392547765683810905043991703902055512802923680492908347438
7958907601266338689168510781915226614489028336089667763898726659484395017522411255368362570533669373
1665950439239201384089992279555155498668543791793170878755912295452933771308108699397858346976669557
0638077427078666566951736109527458716389644360014864815812299413603241241123771201388004113719244521
4542240948004108505941004213135800171401494640375634314049084126006376368183643201890634383820079644
7662885565515978172247445746232867818625358698752057003171371224454252180940182319627459890961526408
5739433768806377665589050065770715035162819498335547967375986593957414655541967458907351506650465618
7390843546882092171113348497665522668059010386130404812059689411092294157896959138268616961230798203
0117034558011134947670319756063034453470309446082974235599308773430206547505396684485773385383462775
0209068854141555887427935484985325000650378316588108533915009590081871537068691558119429491477589564
1449109583152350324799200693097616952406092552826282058659209113162812962311996260178843098576784964
1232307216289672603130289080220485808883955026006367813600131188386891950794642561552961522229068427
8983280108106603823090681895978383667510378765133990637271210201970854930131449085937749804068492485
2503258118173457487567956353788651961897740127472797025618666995787076984996286005023025877073356562
1973846552064988661629461523712962414963728548229635841768390759970422422551027532406229837774571686
6778996095684176219844372372730333233100233520346500444192906285112024393868978232217834344371225840
7459285377678913615360572874081572555243298314924462490722953466871878276746672789815273527665874688
6288334630754375534429910169268948046547463429054222387438850966004911998793766658208325010663130616
0575952116022679492675087111063751226587161888744395489045327794916523921199189082616226303277331155
9454768528641169276059048204146438726326614902938544823900611622181304069197285312741585361434985433
2214773541847232885300430897258772870734156964377401559002434633912209264440339511851885385710421521
0773635463819934163329449672892873730309828426556240684164140820774818056697776426716898755264440360
1740860863744644021978720730791949607103857508740351683549979993380296359404583336917616357720822739
8853895361883465354688628568975797216962279910772193670797459254337228392660489636761590970739024365
7398083200502498135861178666070348866154486710310909033379206277423536337211249685071957206234137650
7590126235542879117966037415026950716666845835927902971678533027253576403192827152232507748260929272
0175960141693249002014416011355133545039245115106130784560762400262351740684558366974417531836090945
4034053050164483946202425183591314266519716688047619065669366457341596784138185275741823451136231659
6080423495316598615024960117496459666608609354322530491477670904763255939021237734962083882990263638
5392918020803231113354146432300409631649887772955706175408395898681336060295018850639386201121740717
4061559854465892009603822025480743475273354043152687268715870997378738504808027154895235153886904059
1179576936640413812445082892416448742926897655348870436629397685737731015512056687857635115622775413
3559250293190333695793235660443510933826943250235114294868208108118175976337067879815317026370692969
5486852082450141919382767724559930289147482636565397890348981832662091643262602259133366373346724189
9599191778562554530910201556040799621423017004349963760323284541002322322581600897833482192282729814
5271480348879369869198619628741088859866216469359443650702041062703406110158969467309128482701901764
0490149655044013809512222574706962075469351669665580036962008658178092168436311418072379900038871781
9209870488054461645244666856502387391249991371610707887150159654400918377272735558082989279139788428
4647676390513349908580223785455078790702188558897922002828763005550527194430838945531079063768656576
8710150521133463753031081278222452562100942591411530330313345143038004988366640606866085163984767275
6249298364945115252617941171368231607138435756316453791312120414219796769319322204446772258842186287
4697135971553406173576626512779381747352471329513263692499525199452401864368495627579178598304067975
8996350677075499712106864027262729221286229271966979257029388009173022290310819881843630325602850390
7202129725303358584707059172742093439092685897652123482698938894224483236167704589780594271172701330
2202564136762121903688386258429247121626403267217611817057103305628101783400666941197921873600349111
6108402193935047273313358431162530951829534964228755325239990876636705162543506327942474519702561795
3272438157939558657677995114084740533734471469992179849611895920049763761582184688106415014880538438
8387385771188312877396346162013772700286009713437345152505739506306715750277593106685110018289365974
4850066987570629743131992080049978903065183335819996964836888786815804279781572750761853714827249160
4530629043791421463681830455505270021205226990746463022425845232448885993864372700720051991899655235
4655831807741570107647454776822735772225049317031398260277369327861864057095189305762390140423518179
9920037420911139209646276914585257927462329863385199823719342046108818705650266338922184645543961225
1748668478009661559965962833628550150099729085969629015656764388991465334731692878775671311143005114
5131765771366776571387294474055848589995122258641518366082304972145924762222591619174271215761350992
0752924764882192320494426195707445660374333869387537547311857233807142185185848679783568165530512738
1161095197802161883994918758693452582655722705093949681934125552175334208291731086520113117730343021
3166808480909691442993714861756659298424457330554929652366027667719530259679529943628611381551028940
5770929784969590416594644453011192181562446318289568981131575448977203522475318491297308402283169902
5763500473406709464112179847513597977777157516761759700204117223807203056336156171959469199979288628
7890406794486756324013841028020426460227664436501839799009335632639974374130715378162405386638769157
5630947049193666852371329898873968246566533654343457868827348421818745537433341331218670142294315440
1960639323681235182141097181764258227361720213012776080115783759087472989310294758665150215622541165
3199668041967804911412999318859315339148734561814558875972557646275384825360521253784300839923110263
1303155418950849251647270254835305158499821636392743470325599862936026181417623154696502390162034165
8552770920367278991167196456182016393989961694735405901880466773394775586764232653910176752634287054
6615951696854524915154713799703978320478596387983364172753511444500139395122119149102372484436255246
2550700112690724946186071118142578457882215354833003749811199405838913474972828798389669932901400017
4764024111104805090571663413709672561295113807610252852415773243295034396278344480101637271320685955
6793211502023541581649239846550863681207493784270035896657536247151071358711285064342603471866277678
6353659019507979313487181848872757363621082640247921130634862909733057267132725430383714820942083132
8241446866404960358434591623019159380430292725575222317464393433700512658495580128311702048248619774
9529777472597028567113922366658009421831559109121381597127515793041986417184007052514427274730225697
8352135128683225772620889311300209427325189032212028054852137772535216351035117833498127077170404279
2737077118345985057109223787926524402758445424195912329558441217594680589629684942581518184571447154
6842470557133040929103396046898930822507434979826995966616782564144215180900954922394318801667054344
3972702333375678973886844412715767361912020596893776294225625790203052466776220834983258302706026905
7465269539864357722013839610882135967166182626805913264507708456641880560709383675954895519165660497
2990259766789095714534635147376461688135535619729606864970926846344719804911627607816870402026379278
3940058085045052904489283901476824144827867270589564411709814602393835174956888035486339122437121646
9591410900476700040815797485808625479878612892905254848938308084929927388060269859572248502192448154
6690340534475975750978312569437145869573228666661194301007345872115238664166462932187985035447422581
8095446963385461888168569805962618231527249180397099316343763626883864141006684694167587336520967930
8541923588391631822187262746586957275239264288150397736512159347782293227382174426979471495499804250
1247156118898376231032599704536337313674306423163435906639769386378390339300916596343946619325748545
7023589990916428582122048854447336305359637808768122988954356799871150746350025638404544690735228464
7686408956441357011036646294481701464923083300156429901799110554686308158622667093825567960267956558
3416745411235290210770673099711628598827149424013667644264067509189468100329781401453277048114520091
8998478528413584283845280170930154851899829415956321076973118910967458515799304595630587994214198593
6382114028228143458840884905203719262320691079574238708488354536655681939060259495130549133876882356
0485113514926712249646035081191390683456376077194609699048295067170116903633593554183925639385683556
2255949277914977365735779945829481793321969741789233159495074611985241490504608438305121323836093298
4050126688083662222391980489325633343229760815067355440762161149073541482767734368341136689208799468
5561145251820615047690948268696281433813817062136635459255864406869110416192510483152334322548644373
5752032129588794833774103542191458622872791092439494868284716927625509342566864898307948478911341391
8157895844287371596041469418654519353482388008902549737394771545409060463157551583707855203895359266
0664311029987174233291078140867462005170323336051303629387512393877705003818977247174604684879509690
3604985273015923382627609737377561824230704108533299514073868016467548445120062812786838493215646449
0316079065420117565880247519880094684188958865219293163148265748866935849984652247902907267617408403
8521232849262475961727587972692025701066880375337937326261770614501010493441281166926201645520446661
3142691390071640650672045009530027839559806854000089419146896288631313239840147092782028258954718917
1414914969387169513730085740054999651914023386169131056535096847202105374452060187528770893411132795
9456983165441464782261942289739465607393664889590553984636295435485836374891500948141852365049781738
8017930619181628818887280514301289736336622962638087860876137055183500533605555967911095851129275521
2659540677768344147215440157824287051648626622483852242547280625887764853369300481918615624024152789
0486313184249045007806945479718671546872599743269298759022984708747716042677463354931665377010629049
3181819942249339405363858354175476484452477770323961472857865408170779081962119812137632747756110463
3845731148071829649728092312369604272749865830861689471871160905445876921251921155438985295439001245
9875357070295535791376850101501098065748166111560685661327321748154743638489349834690737315088128138
8535480859109677044972727882650845085255371501300732023857724984735762983436006579828141318329867259
9689711141838942726003787954751075713794663013790097666736777393526575920311759833786153679390376326
5195328487077654161217477697210792970141307891436944304664133710410561463997877627595207636537176084
9014873263201753099583295799397060811109184097966384243900889410247101880575306828875652605402373272
7206557661299537310144884844854519450920068603510766539647460421726092320854965845563024601717205536
0237880523238433849211708271259081604040020363010561108662337493373962568544270764221989414667172483
0524928392067236019994179951194845941363070723827766279604221248376260615900513039957532473479650498
6990894059336045722108305118120852508309609821016068348224282118606353541490003904585201828865598382
5316737208438591015878059187685147736767587298616931065971994320870358785612246992579645520897283975
2494422122070928768238283210282598664265183964203711717660058044254643696788198351682704418451157548
4941383443651336424720810735396756492761101504283768380869927851718920594322702890072214750983940432
3096458790599746624899235372412131285387923630069671067154455415088532484594566699053342276956662293
3381417606048882902831207209145556946335218647719698107421034045006498201531161664302416115340156970
5146689381926436695920132710553264152767901056510521431596746431998661421238115863998611093665209261
0125978487730703198796794438678753636746214029589775011903241487720407141899917997339457727737600217
8757657391591459578561245165582523510476961517028346373906833491728565912689490048716738662697655732
6874127897069819221082078101217089848290746027441083991021158004499831440795783477365286052673046558
7273729970534393231623539564805061326615470408284135745414830128091520085548039038274625046581789929
3551182532870514352682478206267127442668340107111202148288976951752755516180505018660211812933739042
5468182927539738717896900335165950365499615022668191713039780896773831849455099133955312193225525404
6994032914540654419483611390422863205024209603546901946086853257865083640976453649265666807314176332
0853833195202378160440542551399656770924446051214054422177068558511914554160975613608168101302200047
3960845568899610708604693528149091499050572043916032368135873597010438026615242291490234345903158320
3916386073938104142343104347772142178992622508891958558737337663018891481057978379652981091154030614
2375717645568393274879084532727838980736371916986412093921627504489973772881420796489586625320753186
5880864680107402926025542099085174172931191255085804674067561022859553217496096079145029520098350189
1911415777755933294286175436114521485951803929737057546000881801766304542907145012172374885949552524
1743546665857378055816954499935027606554774589454277102429428663906671120192287707143439367629322437
7557463426033351387268896584163498776151272049145806805479497641696734094351248668333055136939660956
